kind	sheet	sheet_unit	sheet_ability	type	project_unit	project_ability_or_score	issues	sheet_effect	project_description	marker
gods	Лист1	Тор	Бросок мйолнира	PARAM	Тор	Метнуть Мйолнир	урон таблица 0.8, проект 0.5; цели таблица 2003-02-01 00:00:00, проект 123/Enemy	Толчок себя вперед - 2	Описание	
gods	Лист1	Тор	Дерись со мной	NO_ABILITY	Тор	0.41				
gods	Лист1	Тор	Испить эля	PARAM	Тор	Испить эля	стоимость таблица 40, проект 50		Описание	
gods	Лист1	Тор	Молот молний	PARAM	Тор	Метнуть Мйолнир	позиции таблица 12, проект 34; урон таблица 2, проект 0.5; стоимость таблица 80, проект 0		Описание	
gods	Лист1	Тор	За каждые недостающие 10% здоровья - получить 5% брони и 5 урона	NO_ABILITY	Тор	0.27				
gods	Лист1	Сусаноо	Расчитанный удар	PARAM	Сусаноо	Расчитанный удар	урон таблица 1.7, проект 0	Метка, не промахивается. Толчок себя назад 1	Описание	susanoo_calculated_strike
gods	Лист1	Сусаноо	За каждое попадание по противнику - до конца боя увеличивает шанс крита на 5%	NO_ABILITY	Сусаноо	0.16				
gods	Лист1	Осирис	Золотой хопеш	PARAM	Осирис	Золотой хопеш	позиции таблица 123, проект 12	Высокий прирост величия?	Описание	
gods	Лист1	Осирис	Опаляющее солнце	PARAM	Осирис	Опаляющий свет	позиции таблица 234, проект 1234; урон таблица 0.4, проект 0.6	Наносит 0,3 урона на 3 хода. Снижает точность на 15 на 3 хода	Описание	
gods	Лист1	Осирис	Лучи славы	PARAM	Осирис	Лучи славы	стоимость таблица 15, проект 0	Дает по 15 величия и 10 уклонения, на 2 хода	Марка союзника (2 хода). Осирис получает 15 величия, а союзник под маркой — +10 уклонения на 2 хода.	
gods	Лист1	Осирис	Король королей	PARAM	Осирис	Король королей	стоимость таблица 100, проект 80	Снять все негативные эффекты с союзников и наложить 7% регенерации на 3 хода	Описание	
gods	Лист1	Осирис	В начале боя - все союзники получают 15 величия	NO_ABILITY	Осирис	0.29				
gods	Лист1	Зевс	Удар молнии	PARAM	Зевс	Удар молнии	урон таблица 1, проект 1.2	Не промахивается	Описание	
gods	Лист1	Зевс	Низвержение	PARAM	Зевс	Низвергнуть	урон таблица 0.4, проект 0.6; в таблице стойка, в ресурсе не stance	Снимает положительные эффекты (сбивает стойки). Толкнуть себя назад 2	Передвигает Зевса на 2 позиции назад. Снимает с цели положительные эффекты	
gods	Лист1	Зевс	Могучие ветра	PARAM	Зевс	Сокрушающие ветра	урон таблица 0.6, проект 0.5	Отталкивает цель на 2 назад	Отталкивает противника на 2 позиции назад	
gods	Лист1	Зевс	Гнев бога грома	PARAM	Зевс	Гнев Бога Грома	урон таблица 0.3, проект 0	Делаем 5 атак по случайным целям	Стойка. В начале следующего хода, Зевс нанесёт 5 ударов случайным целям, каждый наносит 30% от его урона. Это не израсходует действие во время активации	
gods	Лист1	Зевс	Нескончаемый шторм	PARAM	Зевс	Нескончаемый шторм	позиции таблица 34, проект 1234; урон таблица 0.6, проект 0	Ставит метку на зевса, меток может быть несколько. За каждую - в начале хода зевса, проводится атака по случайному противнику. Она может промахнуться и критануть	В начале раунда, на самого дальнего противника ударяет молния, нанося 60% урона Зевса	
gods	Лист1	Зевс	Наносит -20% урона врагу на 1 позиции, +20% врагу на третьей и +50% врагу на пятой	NO_ABILITY	Зевс	0.19				
gods	Лист1	Сет	Узурпировать	PARAM	Сет	Узурпировать	стоимость таблица 10, проект 20	Копирует ультимативную способность союзника	Выберите другого живого союзника. Сет заменяет свою ультимативную способность на ульту выбранного союзника. После применения скопированной ульты снова получает «Узурпировать».	set_usurp
gods	Лист1	Сет	Когда умирает противник я получаю 20 величия	NO_ABILITY	Сет	0.21				
gods	Лист1	Локи	Если атака кританула - враг оглушен	NO_ABILITY	Локи	0.29				
gods	Лист1	Кощей	У кощея 5 зарядов жизни. После смерти он теряет 1 заряд. При потере всех зарядов - умирает	NO_ABILITY	Кощей	0.13				
gods	Лист1	Аид	Каждый раз когда умирает противник - восстанови 6 маны	NO_ABILITY	Аид	0.25				
gods	Лист1	Моргана Лефей	Каждый раз когда применяешь заклинание на врага, на него накладывается 10% на 2 хода периодический урон	NO_ABILITY	Моргана	0.15				
gods	Лист1	Барон Суббота	Выпей со смертью	NO_UNIT	0.38					
gods	Лист1	Барон Суббота	Танцуй!	NO_UNIT	0.38					
gods	Лист1	Барон Суббота	Игра теней	NO_UNIT	0.38					
gods	Лист1	Барон Суббота	Веселье никогда не заканчивается	NO_UNIT	0.38					
gods	Лист1	Барон Суббота	Кукла вуду	NO_UNIT	0.38					
gods	Лист1	Барон Суббота	Каждый раз когда какой либо накладывается дебафф на врага, есть 50% шанса что длительность увеличится на 1 ход	NO_UNIT	0.38					
gods	Лист1	Один	Неуникальные баффы длятся на 1 ход дольше	NO_ABILITY	Один	0.2				
gods	Лист1	Посейдон	В начале раунда восстанавливаю 5% здоровья за каждый бафф	NO_ABILITY	Посейдон	0.2				
gods	Лист1	Дуна	Мой урон увеличивается на половину от исцеленного здоровья, на 3 хода.	NO_ABILITY	Дуна	0.21				
gods	Лист1	Шива	В начале каждого раунда, базовая удача принимает случайное значение от 0 до 30%	NO_ABILITY	Шива	0.18				
gods	Лист1	Чернобог	Союзники не могут выбрать меня целью, как для простой способности так и для марки	NO_ABILITY	Чернобог	0.17				
enemies	Тартар	Адская гончая	Рывок	NO_ABILITY	Адская гончая	0				
enemies	Тартар	Адская гончая	Пылающие зубы	NO_ABILITY	Адская гончая	0				
enemies	Тартар	Адская гончая	Не бояться смерти	NO_ABILITY	Адская гончая	0				
enemies	Тартар	Последний крик	Лишь один путь	NO_ABILITY	Последний крик	0				
enemies	Тартар	Последний крик	Услышь мой крик	NO_ABILITY	Последний крик	0				
enemies	Тартар	Кошмар	Наступление ада	NO_ABILITY	Кошмар	0				
enemies	Тартар	Кошмар	Войти в сон	NO_ABILITY	Кошмар	0				
enemies	Острова	Каппа воин	Удар копья	NO_ABILITY	Нага воин	0				
enemies	Острова	Каппа воин	Яд древнего народа	NO_ABILITY	Нага воин	0				
enemies	Острова	Каппа воин	Неторопливое движение	NO_ABILITY	Нага воин	0				
enemies	Острова	Каппа шаман	Злые волны	PARAM	Каппа шаман	Злые волны	в таблице стойка, в ресурсе не stance	Сбивавет стойки. Цель назад 1	1.0 урона. Сбивает стойки. Цель отталкивается назад на 1.	kappa_angry_waves
enemies	Острова	Лавовый кабан	Поднять на бивни	PARAM	Лавовый кабан	Поднять на бивни	в таблице стойка, в ресурсе не stance	Сбивает стойки. Если атака кританет - то цель получит стан.	1.0 урона. Сбивает стойки. Если атака критическая — цель получает стан.	lava_boar_tusk_lift
enemies	Корабли	Матрос	Гарпун	PARAM	Матрос	Гарпун	позиции таблица 23, проект 34	Притянуть 2. Вперед себя на 1. Наложить 30% периодического урона на 2 хода	Описание	
enemies	Топь	Тролль	Дать в жбан	PARAM	Тролль	Дать в жбан	цели таблица 1, проект 12/Enemy	В случае крита станит цель	Удар по голове. В случае крита оглушает цель на 1 ход.	
enemies	Топь	Тролль	Тролли не умирают	PARAM	Тролль	Тролли не умирают	урон таблица 0.2, проект 0; цели таблица 1, проект /Self	Я получаю 15% регенерации на 5 ходов	Тролль получает 15% регенерации на 5 ходов.	trolli_ne_umirayut
enemies	Топь	Леший	Ни шагу	PARAM	Леший	Ни шагу	цели таблица 1, проект 1234/Enemy	Цель не может передвигаться на 1 ход	Цель не может передвигаться на 1 ход.	
enemies	Топь	Леший	Ты принадлежишь лесу	PARAM	Леший	Ты принадлежишь лесу	цели таблица 34, проект 1234/Enemy	Вперед 2.	Тянет цель вперёд на 2 позиции.	ty_prinadlezhish_lesu
enemies	Море	Угорь	Оплетание	PARAM	Угорь	Оплетание	в таблице стойка, в ресурсе не stance	Цель вперед 1. Сбивает стойки. Если у цели не было стойки - оглушает цель	0.8 урона. Цель вперёд на 1. Сбивает стойки. Если у цели не было стойки — оглушает цель.	eel_entangle
enemies	Облака	Пегас	Небесная стрела	PARAM	Пегас	Небесная стрела	в таблице стойка, в ресурсе не stance	Сбивает стойку противника	1 урон. Сбивает стойку противника.	
enemies	Замок	Принцесса	В беде	PARAM	Принцесса	В беде	позиции таблица 234, проект 1234	Получаю метку провокации и 20 уклонения пока активна стойка	Стойка: накладывает на себя метку провокации и получает +20 уклонения, пока активна.	
enemies	Замок	Принцесса	Истерика	PARAM	Принцесса	Истерика	позиции таблица 1, проект 1234; цели таблица 1, проект 1234/Enemy	Себя назад 2. Если атака критическая - противник в стане	1 урон. Отталкивается назад на 2. При критическом ударе цель оглушается.	princess_hysteria
enemies	Замок	Мистический шут	Смертельный удар	PARAM	Мистический шут	Смертельный удар	позиции таблица 34, проект 1234	В начале следующего хода, нанесет атаку по случайному врагу. В случае попадания - урон будет равен 60% от текущего здоровья	Стойка: в начале следующего хода атакует случайного врага, нанося 60% его текущего здоровья.	
enemies	Замок	Мистический шут	Ядовитый кинжал	PARAM	Мистический шут	Ядовитый кинжал	позиции таблица 12, проект 1234; урон таблица 1, проект 0.8; цели таблица 12, проект 1234/Enemy	Цель получает 0,2 периодического урона на 5 ходов	0.8 урона. Цель получает периодический урон (20% от урона) на 5 ходов.	jester_poison_dagger
enemies	Замок	Рыцарь	Изгнать зло	PARAM	Рыцарь	Изгнать зло	позиции таблица 12, проект 1234; цели таблица 12, проект 1234/Enemy	Снимает с цели все положительные эффекты. Если их было больше 2 уникальных - цель попадает в стан	0.5 урона. Снимает все положительные эффекты с цели. Если снято более 2 уникальных баффов — цель оглушается.	knight_banish_evil
enemies	Замок	Рыцарь	Отважный удар	PARAM	Рыцарь	Отважный удар	позиции таблица 12, проект 1234; цели таблица 12, проект 1234/Enemy	Если союзник погибал в этот раунд - эта атака будет критической	1 урон. Если в этом раунде погиб союзник — удар становится критическим.	knight_brave_strike
enemies	Замок	Рыцарь	Сила превыше магии	PARAM	Рыцарь	Сила превыше магии	позиции таблица 34, проект 1234	Увеличивает стоимость заклинаний еще на 2, и получает 15 брони - пока активна стойка. Вперед 1.	Стойка: +15 брони, пока активна. Стоимость всех заклинаний возрастает на 2. Продвигается вперёд на 1.	
enemies	Замок	Волшебник	Армагеддон	PARAM	Волшебник	Армагеддон	позиции таблица 4, проект 1234	В начале следующего раунда наношу 0,8 урона всем другим юнитам, союзникам или врагам	Стойка: в начале следующего раунда наносит 0.8 урона ВСЕМ остальным юнитам (союзникам и врагам).	
enemies	Замок	Волшебник	Волшебная стрела	PARAM	Волшебник	Волшебная стрела	позиции таблица 23, проект 1234; цели таблица 34, проект 1234/Enemy	Эта атака не может промахнуться	1 урон. Никогда не промахивается.	wizard_magic_arrow
enemies	Замок	Волшебник	Кольцо холода	PARAM	Волшебник	Кольцо холода	позиции таблица 1, проект 1234; цели таблица 1, проект 1234/Enemy	Цель +1. Цели теряют 4 инициативы на 1 ход, и с вероятностью 50% получают стан	0.2 урона по цели и соседнему юниту. Цели теряют 4 инициативы на 1 ход. 50% шанс оглушения.	wizard_cold_ring
enemies	Замок	Стражник	Не безобразничать!	PARAM	Стражник	Не безобразничать!	позиции таблица 123, проект 1234; цели таблица 12, проект 1234/Enemy	Цель получает -15 атаки на 2 хода. Цель толкается назад 1	1 урон. Цель теряет 15 атаки на 2 хода и отталкивается на 1.	
enemies	Замок	Стражник	Отлынивать	PARAM	Стражник	Отлынивать	позиции таблица 4, проект 1234	Восстанавливаю 15% здоровья, получаю 15 уклонения на 2 хода	Восстанавливает 15% HP и получает +15 уклонения на 2 хода.	
enemies	Замок	Инквизитор	Исповедь	PARAM	Инквизитор	Исповедь	позиции таблица 234, проект 1234	Снимает с союзника дебаффы, за каждый восстанавливает 5% здоровья	Снимает все отрицательные эффекты с союзника. Восстанавливает 5% HP за каждый снятый дебафф.	inquisitor_confession
enemies	Замок	Инквизитор	Священная кара	PARAM	Инквизитор	Священная кара	позиции таблица 1, проект 1234; цели таблица 1, проект 1234/Enemy	Наносит Дополнительно 0,5 урона за каждого убитого союзника с начала боя	0.8 урона. +0.5 урона за каждого погибшего союзника с начала боя.	inquisitor_holy_judgment
enemies	Звезды	Дева	Звездопад	PARAM	Дева	Звездопад	позиции таблица 23, проект 34; цели таблица 23, проект 12/Enemy	Цель +1. Все юниты получают удачу +10 на 2 хода	Описание	virgo_starfall
enemies	Тоннели	Дварф воин	Поднять щиты	NO_ABILITY	Нага воин	0				
enemies	Тоннели	Дварф воин	Удар молотом	NO_ABILITY	Нага воин	0				
enemies	Тоннели	Дварф кузнец	Пламя горнила	PARAM	Гном кузнец	Пламя горнила	цели таблица 1, проект 12/Enemy	Цель +2. Противники получают 0,15 периодического урона на 2 хода. Себя назад 1	Описание	
enemies	Тоннели	Великан воин	Удар колонной	PARAM	Каменный великан воин	Удар колонной	цели таблица 1, проект 12/Enemy	Эта атака имеет минус 30 точности	Описание	
enemies	Тоннели	Великан Шаман	Землятресение	PARAM	Каменный великан шаман	Землятрясение	цели таблица 12, проект 1234/Enemy	Цель +1. Цели теряют 15 точности и 15 уклонения на 2 хода	Описание	
enemies	Тоннели	Валун	Пассивка	NO_ABILITY	Валун	0				
enemies	Сад	Фея шипов	Колючий куст	PARAM	Фея шипов	Колючий куст	цели таблица 12, проект 1234/Position	Когда союзника под маркой атакуют, атакующий получает 30% урона феи шипов. Марка висит 3 хода	Марка на позицию союзника (3 хода). Когда союзника под маркой атакуют, атакующий получает 30%% урона феи шипов.	thorn_bush
enemies	Хельхельм	Драуг налетчик	Двойной удар	PARAM	Драугр налетчик	Двойной удар	позиции таблица 12, проект 1; цели таблица 12, проект 1/Enemy	Плюс одна цель сзади	Описание	
enemies	Хельхельм	Драуг налетчик	Подсекающий удар	PARAM	Драугр налетчик	Калечащий удар	позиции таблица 1, проект 2; урон таблица 0.8, проект 0.7; цели таблица 1, проект 12/Enemy	Цель теряет 3 инициативы на 2 хода	Описание	
enemies	Хельхельм	Драуг налетчик	Каждый раз когда получает урон, получает + 10 меткости до конца боя	NO_ABILITY	Драугр налетчик	0.18				
enemies	Хельхельм	Драуг налетчик	Просто выбирает случайный удар из доступных	NO_ABILITY	Драугр налетчик	0.39				
enemies	Хельхельм	Драугр джаггернаут	Рваться в бой	NO_ABILITY	Драугр джаггернаут	0.28				
enemies	Хельхельм	Драугр джаггернаут	Каждый раз когда получает урон - получает +5 брони до конца боя	NO_ABILITY	Драугр джаггернаут	0.21				
enemies	Хельхельм	Драугр берсерк	Бешеный натиск	PARAM	Драугр берсерк	Бешеный натиск	урон таблица 0.8, проект 0.6	Толчок вперед +1. Нанеси себе 5% урона	Описание	
enemies	Хельхельм	Драугр берсерк	Слепая ярость	PARAM	Драугр берсерк	Слепая ярость	позиции таблица 1, проект 12	Цель + 1Получает 40 дебафф к меткости.	Описание	
enemies	Хельхельм	Драугр берсерк	Каждый раз когда получает урон - получает +5% урона до конца боя	NO_ABILITY	Драугр берсерк	0.2				
enemies	Хельхельм	Банши	Когда меня убили, на 1 ход противники получают 20 атаки	NO_ABILITY	Банши	0.17				
enemies	Хельхельм	Йотун	Пока жив хотя бы один йотун - шанс наступления туманного раунда удваивается	NO_ABILITY	Йотун	0.19				
enemies	Хельхельм	Виндиго	Разорвать	PARAM	Индиго	Разорвать	позиции таблица 123, проект 1234; цели таблица 1, проект 1234/Enemy	Цель+1. Цель теряет 10 брони на 2 хода	Описание	
enemies	Хельхельм	Виндиго	Взять след	PARAM	Индиго	Взять след	цели таблица 123, проект 1234/Self	"Получает +10 атаки и 10 точности на следующую атаку, если эта атака не ""Взять след"". Эффект стакается. Т.е. пока он на 4 позиции, будет бесконечно увеличивать атаку"	Описание	
enemies	Хельхельм	Виндиго	Во время туманного раунда получает +25 уклонения	NO_ABILITY	Индиго	0.14				
